recv_iso,t_rel_s,state,nav_prev,nav_curr,nav_next,nav_step,s1,s2,s3,s4,s6,r1,r2,r3,r4,r6,pos,err,corr,kp,ki,kd,arah
2026-08-25T15:07:21.961,36.282,IDLE,-,-,-,0,0,0,0,0,0,3892,4015,3956,3947,3468,0.0,0.0,0.0,30.0,0.01,15.0,TIDAK ADA GARIS
2026-08-25T15:07:21.968,36.282,IDLE,-,-,-,0,0,0,0,0,0,3896,4020,3948,3952,3471,0.0,0.0,0.0,30.0,0.01,15.0,TIDAK ADA GARIS
2026-08-25T15:07:22.021,36.344,IDLE,-,-,-,0,0,0,0,0,0,3897,4017,3960,3949,3475,0.0,0.0,0.0,30.0,0.01,15.0,TIDAK ADA GARIS
2026-08-25T15:07:22.076,36.391,IDLE,-,-,-,0,0,0,0,0,0,3904,4021,3944,3946,3462,0.0,0.0,0.0,30.0,0.01,15.0,TIDAK ADA GARIS
2026-08-25T15:07:22.131,36.454,IDLE,-,-,-,0,0,0,0,0,0,3891,4014,3950,3944,3469,0.0,0.0,0.0,30.0,0.01,15.0,TIDAK ADA GARIS
2026-08-25T15:07:22.194,36.516,IDLE,-,-,-,0,0,0,0,0,0,3897,4021,3951,3941,3465,0.0,0.0,0.0,30.0,0.01,15.0,TIDAK ADA GARIS
2026-08-25T15:07:22.239,36.563,IDLE,-,-,-,0,0,0,0,0,0,3886,4016,3941,3936,3463,0.0,0.0,0.0,30.0,0.01,15.0,TIDAK ADA GARIS
2026-08-25T15:07:22.291,36.61,IDLE,-,-,-,0,0,0,0,0,0,3893,4023,3948,3946,3465,0.0,0.0,0.0,30.0,0.01,15.0,TIDAK ADA GARIS
2026-08-25T15:07:22.340,36.657,IDLE,-,-,-,0,0,0,0,0,0,3885,4010,3943,3937,3470,0.0,0.0,0.0,30.0,0.01,15.0,TIDAK ADA GARIS
2026-08-25T15:07:22.400,36.719,IDLE,-,-,-,0,0,0,0,0,0,3896,4018,3955,3948,3475,0.0,0.0,0.0,30.0,0.01,15.0,TIDAK ADA GARIS
2026-08-25T15:07:22.472,36.797,IDLE,-,-,-,0,0,0,0,0,0,3893,4015,3942,3933,3458,0.0,0.0,0.0,30.0,0.01,15.0,TIDAK ADA GARIS
2026-08-25T15:07:22.521,36.844,IDLE,-,-,-,0,0,0,0,0,0,3902,4017,3952,3943,3463,0.0,0.0,0.0,30.0,0.01,15.0,TIDAK ADA GARIS
2026-08-25T15:07:22.566,36.891,IDLE,-,-,-,0,0,0,0,0,0,3891,4014,3943,3924,3459,0.0,0.0,0.0,30.0,0.01,15.0,TIDAK ADA GARIS
2026-08-25T15:07:22.605,36.922,IDLE,-,-,-,0,0,0,0,0,0,3895,4020,3952,3953,3475,0.0,0.0,0.0,30.0,0.01,15.0,TIDAK ADA GARIS
2026-08-25T15:07:22.665,36.985,IDLE,-,-,-,0,0,0,0,0,0,3891,4017,3946,3942,3462,0.0,0.0,0.0,30.0,0.01,15.0,TIDAK ADA GARIS
2026-08-25T15:07:22.754,37.079,IDLE,-,-,-,0,0,0,0,0,0,3898,4021,3952,3939,3463,0.0,0.0,0.0,30.0,0.01,15.0,TIDAK ADA GARIS
2026-08-25T15:07:22.768,37.079,IDLE,-,-,-,0,0,0,0,0,0,3892,4023,3951,3947,3462,0.0,0.0,0.0,30.0,0.01,15.0,TIDAK ADA GARIS
2026-08-25T15:07:22.823,37.141,IDLE,-,-,-,0,0,0,0,0,0,3900,4018,3958,3950,3472,0.0,0.0,0.0,30.0,0.01,15.0,TIDAK ADA GARIS
2026-08-25T15:07:22.879,37.204,IDLE,-,-,-,0,0,0,0,0,0,3900,4018,3957,3952,3474,0.0,0.0,0.0,30.0,0.01,15.0,TIDAK ADA GARIS
2026-08-25T15:07:22.927,37.25,IDLE,-,-,-,0,0,0,0,0,0,3892,4021,3945,3955,3468,0.0,0.0,0.0,30.0,0.01,15.0,TIDAK ADA GARIS
2026-08-25T15:07:23.011,37.329,IDLE,-,-,-,0,0,0,0,0,0,3897,4021,3958,3952,3474,0.0,0.0,0.0,30.0,0.01,15.0,TIDAK ADA GARIS
2026-08-25T15:07:23.034,37.36,IDLE,-,-,-,0,0,0,0,0,0,3895,4022,3947,3938,3462,0.0,0.0,0.0,30.0,0.01,15.0,TIDAK ADA GARIS
2026-08-25T15:07:23.094,37.407,IDLE,-,-,-,0,0,0,0,0,0,3895,4025,3957,3951,3473,0.0,0.0,0.0,30.0,0.01,15.0,TIDAK ADA GARIS
2026-08-25T15:07:23.157,37.469,IDLE,-,-,-,0,0,0,0,0,0,3894,4018,3942,3933,3458,0.0,0.0,0.0,30.0,0.01,15.0,TIDAK ADA GARIS
2026-08-25T15:07:23.198,37.516,IDLE,-,-,-,0,0,0,0,0,0,3921,4041,3966,3969,3482,0.0,0.0,0.0,30.0,0.01,15.0,TIDAK ADA GARIS
2026-08-25T15:07:23.253,37.563,IDLE,-,-,-,0,0,0,0,0,0,3919,4044,3981,3979,3493,0.0,0.0,0.0,30.0,0.01,15.0,TIDAK ADA GARIS
2026-08-25T15:07:23.300,37.61,IDLE,-,-,-,0,0,0,0,0,0,3921,4045,3968,3962,3484,0.0,0.0,0.0,30.0,0.01,15.0,TIDAK ADA GARIS
2026-08-25T15:07:23.350,37.672,IDLE,-,-,-,0,0,0,0,0,0,3920,4041,3982,3980,3489,0.0,0.0,0.0,30.0,0.01,15.0,TIDAK ADA GARIS
2026-08-25T15:07:23.412,37.735,IDLE,-,-,-,0,0,0,0,0,0,3921,4041,3981,3961,3487,0.0,0.0,0.0,30.0,0.01,15.0,TIDAK ADA GARIS
2026-08-25T15:07:23.453,37.766,IDLE,-,-,-,0,0,0,0,0,0,3918,4040,3984,3970,3491,0.0,0.0,0.0,30.0,0.01,15.0,TIDAK ADA GARIS
2026-08-25T15:07:23.516,37.829,IDLE,-,-,-,0,0,0,0,0,0,3918,4046,3970,3978,3491,0.0,0.0,0.0,30.0,0.01,15.0,TIDAK ADA GARIS
2026-08-25T15:07:23.557,37.875,IDLE,-,-,-,0,0,0,0,0,0,3915,4048,3980,3976,3487,0.0,0.0,0.0,30.0,0.01,15.0,TIDAK ADA GARIS
2026-08-25T15:07:23.616,37.938,IDLE,-,-,-,0,0,0,0,0,0,3918,4041,3979,3965,3483,0.0,0.0,0.0,30.0,0.01,15.0,TIDAK ADA GARIS
2026-08-25T15:07:23.677,38.0,IDLE,-,-,-,0,0,0,0,0,0,3911,4026,3963,3961,3483,0.0,0.0,0.0,30.0,0.01,15.0,TIDAK ADA GARIS
2026-08-25T15:07:23.717,38.032,IDLE,-,-,-,0,0,0,0,0,0,3890,4011,3952,3937,3465,0.0,0.0,0.0,30.0,0.01,15.0,TIDAK ADA GARIS
2026-08-25T15:07:23.789,38.11,IDLE,-,-,-,0,0,0,0,0,0,3896,4021,3944,3943,3470,0.0,0.0,0.0,30.0,0.01,15.0,TIDAK ADA GARIS
2026-08-25T15:07:23.834,38.157,IDLE,-,-,-,0,0,0,0,0,0,3888,4012,3946,3934,3464,0.0,0.0,0.0,30.0,0.01,15.0,TIDAK ADA GARIS
2026-08-25T15:07:23.877,38.188,IDLE,-,-,-,0,0,0,0,0,0,3896,4021,3948,3953,3471,0.0,0.0,0.0,30.0,0.01,15.0,TIDAK ADA GARIS
2026-08-25T15:07:23.933,38.25,IDLE,-,-,-,0,0,0,0,0,0,3888,4015,3955,3950,3472,0.0,0.0,0.0,30.0,0.01,15.0,TIDAK ADA GARIS
2026-08-25T15:07:23.988,38.313,IDLE,-,-,-,0,0,0,0,0,0,3898,4021,3947,3944,3461,0.0,0.0,0.0,30.0,0.01,15.0,TIDAK ADA GARIS
2026-08-25T15:07:24.044,38.36,IDLE,-,-,-,0,0,0,0,0,0,3902,4021,3953,3951,3473,0.0,0.0,0.0,30.0,0.01,15.0,TIDAK ADA GARIS
2026-08-25T15:07:24.106,38.422,IDLE,-,-,-,0,0,0,0,0,0,3899,4017,3958,3955,3469,0.0,0.0,0.0,30.0,0.01,15.0,TIDAK ADA GARIS
2026-08-25T15:07:24.146,38.469,IDLE,-,-,-,0,0,0,0,0,0,3892,4022,3945,3954,3465,0.0,0.0,0.0,30.0,0.01,15.0,TIDAK ADA GARIS
2026-08-25T15:07:24.199,38.516,IDLE,-,-,-,0,0,0,0,0,0,3895,4021,3960,3949,3470,0.0,0.0,0.0,30.0,0.01,15.0,TIDAK ADA GARIS
2026-08-25T15:07:24.256,38.579,IDLE,-,-,-,0,0,0,0,0,0,3891,4021,3956,3950,3473,0.0,0.0,0.0,30.0,0.01,15.0,TIDAK ADA GARIS
2026-08-25T15:07:24.305,38.625,IDLE,-,-,-,0,0,0,0,0,0,3886,4022,3954,3945,3465,0.0,0.0,0.0,30.0,0.01,15.0,TIDAK ADA GARIS
2026-08-25T15:07:24.366,38.688,IDLE,-,-,-,0,0,0,0,0,0,3895,4022,3950,3952,3467,0.0,0.0,0.0,30.0,0.01,15.0,TIDAK ADA GARIS
2026-08-25T15:07:24.416,38.735,IDLE,-,-,-,0,0,0,0,0,0,3888,4007,3948,3943,3468,0.0,0.0,0.0,30.0,0.01,15.0,TIDAK ADA GARIS
2026-08-25T15:07:24.465,38.782,IDLE,-,-,-,0,0,0,0,0,0,3898,4020,3955,3951,3476,0.0,0.0,0.0,30.0,0.01,15.0,TIDAK ADA GARIS
2026-08-25T15:07:24.527,38.844,IDLE,-,-,-,0,0,0,0,0,0,3892,4015,3950,3947,3461,0.0,0.0,0.0,30.0,0.01,15.0,TIDAK ADA GARIS
2026-08-25T15:07:24.568,38.891,IDLE,-,-,-,0,0,0,0,0,0,3896,4019,3945,3941,3465,0.0,0.0,0.0,30.0,0.01,15.0,TIDAK ADA GARIS
2026-08-25T15:07:24.633,38.954,IDLE,-,-,-,0,0,0,0,0,0,3890,4013,3936,3937,3457,0.0,0.0,0.0,30.0,0.01,15.0,TIDAK ADA GARIS
2026-08-25T15:07:24.701,39.016,IDLE,-,-,-,0,0,0,0,0,0,3896,4022,3950,3952,3469,0.0,0.0,0.0,30.0,0.01,15.0,TIDAK ADA GARIS
2026-08-25T15:07:24.732,39.047,IDLE,-,-,-,0,0,0,0,0,0,3885,4017,3952,3940,3462,0.0,0.0,0.0,30.0,0.01,15.0,TIDAK ADA GARIS
2026-08-25T15:07:24.795,39.11,IDLE,-,-,-,0,0,0,0,0,0,3899,4017,3956,3953,3473,0.0,0.0,0.0,30.0,0.01,15.0,TIDAK ADA GARIS
2026-08-25T15:07:24.837,39.157,IDLE,-,-,-,0,0,0,0,0,0,3899,4019,3946,3946,3460,0.0,0.0,0.0,30.0,0.01,15.0,TIDAK ADA GARIS
2026-08-25T15:07:24.898,39.219,IDLE,-,-,-,0,0,0,0,0,0,3899,4022,3948,3945,3466,0.0,0.0,0.0,30.0,0.01,15.0,TIDAK ADA GARIS
2026-08-25T15:07:24.955,39.266,IDLE,-,-,-,0,0,0,0,0,0,3895,4022,3948,3956,3472,0.0,0.0,0.0,30.0,0.01,15.0,TIDAK ADA GARIS
2026-08-25T15:07:24.994,39.313,IDLE,-,-,-,0,0,0,0,0,0,3895,4023,3959,3948,3471,0.0,0.0,0.0,30.0,0.01,15.0,TIDAK ADA GARIS
2026-08-25T15:07:25.053,39.375,IDLE,-,-,-,0,0,0,0,0,0,3892,4026,3956,3944,3467,0.0,0.0,0.0,30.0,0.01,15.0,TIDAK ADA GARIS
2026-08-25T15:07:25.109,39.422,IDLE,-,-,-,0,0,0,0,0,0,3888,4019,3952,3936,3465,0.0,0.0,0.0,30.0,0.01,15.0,TIDAK ADA GARIS
2026-08-25T15:07:25.159,39.469,IDLE,-,-,-,0,0,0,0,0,0,3902,4022,3960,3956,3472,0.0,0.0,0.0,30.0,0.01,15.0,TIDAK ADA GARIS
2026-08-25T15:07:25.219,39.532,IDLE,-,-,-,0,0,0,0,0,0,3889,4016,3950,3929,3460,0.0,0.0,0.0,30.0,0.01,15.0,TIDAK ADA GARIS
2026-08-25T15:07:25.261,39.579,IDLE,-,-,-,0,0,0,0,0,0,3896,4018,3959,3954,3470,0.0,0.0,0.0,30.0,0.01,15.0,TIDAK ADA GARIS
2026-08-25T15:07:25.310,39.625,IDLE,-,-,-,0,0,0,0,0,0,3893,4016,3939,3951,3467,0.0,0.0,0.0,30.0,0.01,15.0,TIDAK ADA GARIS
2026-08-25T15:07:25.365,39.688,IDLE,-,-,-,0,0,0,0,0,0,3896,4021,3955,3939,3463,0.0,0.0,0.0,30.0,0.01,15.0,TIDAK ADA GARIS
2026-08-25T15:07:25.443,39.766,IDLE,-,-,-,0,0,0,0,0,0,3891,4014,3946,3955,3465,0.0,0.0,0.0,30.0,0.01,15.0,TIDAK ADA GARIS
2026-08-25T15:07:25.476,39.797,IDLE,-,-,-,0,0,0,0,0,0,3897,4016,3952,3952,3469,0.0,0.0,0.0,30.0,0.01,15.0,TIDAK ADA GARIS
2026-08-25T15:07:25.529,39.844,IDLE,-,-,-,0,0,0,0,0,0,3891,4014,3954,3942,3466,0.0,0.0,0.0,30.0,0.01,15.0,TIDAK ADA GARIS
2026-08-25T15:07:25.597,39.922,IDLE,-,-,-,0,0,0,0,0,0,3892,4022,3948,3942,3475,0.0,0.0,0.0,30.0,0.01,15.0,TIDAK ADA GARIS
2026-08-25T15:07:25.649,39.969,IDLE,-,-,-,0,0,0,0,0,0,3888,4018,3947,3944,3467,0.0,0.0,0.0,30.0,0.01,15.0,TIDAK ADA GARIS
2026-08-25T15:07:25.690,40.0,IDLE,-,-,-,0,0,0,0,0,0,3898,4015,3940,3942,3461,0.0,0.0,0.0,30.0,0.01,15.0,TIDAK ADA GARIS
2026-08-25T15:07:25.742,40.063,IDLE,-,-,-,0,0,0,0,0,0,3895,4018,3957,3954,3472,0.0,0.0,0.0,30.0,0.01,15.0,TIDAK ADA GARIS
2026-08-25T15:07:25.795,40.11,IDLE,-,-,-,0,0,0,0,0,0,3895,4018,3958,3958,3471,0.0,0.0,0.0,30.0,0.01,15.0,TIDAK ADA GARIS
2026-08-25T15:07:25.846,40.157,IDLE,-,-,-,0,0,0,0,0,0,3895,4012,3965,3957,3466,0.0,0.0,0.0,30.0,0.01,15.0,TIDAK ADA GARIS
2026-08-25T15:07:25.907,40.219,IDLE,-,-,-,0,0,0,0,0,0,3907,4023,3953,3944,3470,0.0,0.0,0.0,30.0,0.01,15.0,TIDAK ADA GARIS
2026-08-25T15:07:25.952,40.266,IDLE,-,-,-,0,0,0,0,0,0,3899,4020,3943,3943,3465,0.0,0.0,0.0,30.0,0.01,15.0,TIDAK ADA GARIS
2026-08-25T15:07:26.012,40.329,IDLE,-,-,-,0,0,0,0,0,0,3888,4014,3952,3941,3463,0.0,0.0,0.0,30.0,0.01,15.0,TIDAK ADA GARIS
2026-08-25T15:07:26.074,40.391,IDLE,-,-,-,0,0,0,0,0,0,3897,4018,3952,3951,3472,0.0,0.0,0.0,30.0,0.01,15.0,TIDAK ADA GARIS
2026-08-25T15:07:26.119,40.438,IDLE,-,-,-,0,0,0,0,0,0,3887,4015,3939,3932,3454,0.0,0.0,0.0,30.0,0.01,15.0,TIDAK ADA GARIS
2026-08-25T15:07:26.169,40.485,IDLE,-,-,-,0,0,0,0,0,0,3895,4019,3963,3951,3472,0.0,0.0,0.0,30.0,0.01,15.0,TIDAK ADA GARIS
2026-08-25T15:07:26.230,40.547,IDLE,-,-,-,0,0,0,0,0,0,3886,4017,3952,3941,3464,0.0,0.0,0.0,30.0,0.01,15.0,TIDAK ADA GARIS
2026-08-25T15:07:26.274,40.594,IDLE,-,-,-,0,0,0,0,0,0,3898,4024,3946,3948,3463,0.0,0.0,0.0,30.0,0.01,15.0,TIDAK ADA GARIS
2026-08-25T15:07:26.328,40.641,IDLE,-,-,-,0,0,0,0,0,0,3886,4012,3938,3939,3457,0.0,0.0,0.0,30.0,0.01,15.0,TIDAK ADA GARIS
2026-08-25T15:07:26.375,40.688,IDLE,-,-,-,0,0,0,0,0,0,3900,4018,3946,3942,3462,0.0,0.0,0.0,30.0,0.01,15.0,TIDAK ADA GARIS
2026-08-25T15:07:26.427,40.75,IDLE,-,-,-,0,0,0,0,0,0,3893,4011,3938,3937,3465,0.0,0.0,0.0,30.0,0.01,15.0,TIDAK ADA GARIS
2026-08-25T15:07:26.493,40.813,IDLE,-,-,-,0,0,0,0,0,0,3903,4018,3948,3945,3468,0.0,0.0,0.0,30.0,0.01,15.0,TIDAK ADA GARIS
2026-08-25T15:07:26.536,40.86,IDLE,-,-,-,0,0,0,0,0,0,3893,4019,3955,3957,3471,0.0,0.0,0.0,30.0,0.01,15.0,TIDAK ADA GARIS
2026-08-25T15:07:26.619,40.938,IDLE,-,-,-,0,0,0,0,0,0,3892,4028,3956,3943,3468,0.0,0.0,0.0,30.0,0.01,15.0,TIDAK ADA GARIS
2026-08-25T15:07:26.645,40.969,IDLE,-,-,-,0,0,0,0,0,0,3895,4020,3958,3946,3469,0.0,0.0,0.0,30.0,0.01,15.0,TIDAK ADA GARIS
2026-08-25T15:07:26.699,41.016,IDLE,-,-,-,0,0,0,0,0,0,3895,4022,3964,3954,3476,0.0,0.0,0.0,30.0,0.01,15.0,TIDAK ADA GARIS
2026-08-25T15:07:26.751,41.063,IDLE,-,-,-,0,0,0,0,0,0,3897,4018,3953,3952,3471,0.0,0.0,0.0,30.0,0.01,15.0,TIDAK ADA GARIS
2026-08-25T15:07:26.809,41.125,IDLE,-,-,-,0,0,0,0,0,0,3892,4015,3947,3946,3468,0.0,0.0,0.0,30.0,0.01,15.0,TIDAK ADA GARIS
2026-08-25T15:07:26.854,41.172,IDLE,-,-,-,0,0,0,0,0,0,3898,4017,3952,3954,3470,0.0,0.0,0.0,30.0,0.01,15.0,TIDAK ADA GARIS
2026-08-25T15:07:26.923,41.235,IDLE,-,-,-,0,0,0,0,0,0,3884,4017,3949,3933,3457,0.0,0.0,0.0,30.0,0.01,15.0,TIDAK ADA GARIS
2026-08-25T15:07:26.962,41.282,IDLE,-,-,-,0,0,0,0,0,0,3891,4020,3949,3944,3469,0.0,0.0,0.0,30.0,0.01,15.0,TIDAK ADA GARIS
2026-08-25T15:07:27.040,41.36,IDLE,-,-,-,0,0,0,0,0,0,3883,4016,3951,3946,3466,0.0,0.0,0.0,30.0,0.01,15.0,TIDAK ADA GARIS
2026-08-25T15:07:27.068,41.391,IDLE,-,-,-,0,0,0,0,0,0,3893,4025,3944,3946,3464,0.0,0.0,0.0,30.0,0.01,15.0,TIDAK ADA GARIS
2026-08-25T15:07:27.116,41.438,IDLE,-,-,-,0,0,0,0,0,0,3890,4011,3935,3948,3457,0.0,0.0,0.0,30.0,0.01,15.0,TIDAK ADA GARIS
2026-08-25T15:07:27.186,41.5,IDLE,-,-,-,0,0,0,0,0,0,3894,4023,3943,3953,3466,0.0,0.0,0.0,30.0,0.01,15.0,TIDAK ADA GARIS
2026-08-25T15:07:27.230,41.547,IDLE,-,-,-,0,0,0,0,0,0,3888,4013,3947,3928,3458,0.0,0.0,0.0,30.0,0.01,15.0,TIDAK ADA GARIS
2026-08-25T15:07:27.280,41.594,IDLE,-,-,-,0,0,0,0,0,0,3898,4027,3955,3955,3473,0.0,0.0,0.0,30.0,0.01,15.0,TIDAK ADA GARIS
2026-08-25T15:07:27.352,41.672,IDLE,-,-,-,0,0,0,0,0,0,3889,4022,3952,3942,3467,0.0,0.0,0.0,30.0,0.01,15.0,TIDAK ADA GARIS
2026-08-25T15:07:27.401,41.719,IDLE,-,-,-,0,0,0,0,0,0,3893,4022,3951,3941,3468,0.0,0.0,0.0,30.0,0.01,15.0,TIDAK ADA GARIS
2026-08-25T15:07:27.449,41.766,IDLE,-,-,-,0,0,0,0,0,0,3893,4021,3945,3940,3460,0.0,0.0,0.0,30.0,0.01,15.0,TIDAK ADA GARIS
2026-08-25T15:07:27.495,41.813,IDLE,-,-,-,0,0,0,0,0,0,3898,4024,3953,3938,3466,0.0,0.0,0.0,30.0,0.01,15.0,TIDAK ADA GARIS
2026-08-25T15:07:27.556,41.875,IDLE,-,-,-,0,0,0,0,0,0,3896,4022,3950,3942,3468,0.0,0.0,0.0,30.0,0.01,15.0,TIDAK ADA GARIS
2026-08-25T15:07:27.611,41.922,IDLE,-,-,-,0,0,0,0,0,0,3894,4021,3947,3954,3468,0.0,0.0,0.0,30.0,0.01,15.0,TIDAK ADA GARIS
2026-08-25T15:07:27.650,41.969,IDLE,-,-,-,0,0,0,0,0,0,3900,4014,3946,3943,3464,0.0,0.0,0.0,30.0,0.01,15.0,TIDAK ADA GARIS
2026-08-25T15:07:27.712,42.032,IDLE,-,-,-,0,0,0,0,0,0,3888,4016,3937,3938,3455,0.0,0.0,0.0,30.0,0.01,15.0,TIDAK ADA GARIS
2026-08-25T15:07:27.760,42.079,IDLE,-,-,-,0,0,0,0,0,0,3895,4021,3958,3958,3467,0.0,0.0,0.0,30.0,0.01,15.0,TIDAK ADA GARIS
2026-08-25T15:07:27.826,42.141,IDLE,-,-,-,0,0,0,0,0,0,3884,4014,3945,3945,3464,0.0,0.0,0.0,30.0,0.01,15.0,TIDAK ADA GARIS
2026-08-25T15:07:27.864,42.188,IDLE,-,-,-,0,0,0,0,0,0,3897,4019,3954,3942,3467,0.0,0.0,0.0,30.0,0.01,15.0,TIDAK ADA GARIS
2026-08-25T15:07:27.937,42.25,IDLE,-,-,-,0,0,0,0,0,0,3889,4017,3948,3950,3469,0.0,0.0,0.0,30.0,0.01,15.0,TIDAK ADA GARIS
2026-08-25T15:07:27.972,42.297,IDLE,-,-,-,0,0,0,0,0,0,3894,4022,3938,3942,3467,0.0,0.0,0.0,30.0,0.01,15.0,TIDAK ADA GARIS
2026-08-25T15:07:28.039,42.36,IDLE,-,-,-,0,0,0,0,0,0,3887,4011,3934,3932,3462,0.0,0.0,0.0,30.0,0.01,15.0,TIDAK ADA GARIS
2026-08-25T15:07:28.074,42.391,IDLE,-,-,-,0,0,0,0,0,0,3894,4021,3955,3942,3470,0.0,0.0,0.0,30.0,0.01,15.0,TIDAK ADA GARIS
2026-08-25T15:07:28.136,42.454,IDLE,-,-,-,0,0,0,0,0,0,3888,4012,3952,3948,3478,0.0,0.0,0.0,30.0,0.01,15.0,TIDAK ADA GARIS
2026-08-25T15:07:28.193,42.516,IDLE,-,-,-,0,0,0,0,0,0,3898,4022,3944,3939,3470,0.0,0.0,0.0,30.0,0.01,15.0,TIDAK ADA GARIS
2026-08-25T15:07:28.248,42.563,IDLE,-,-,-,0,0,0,0,0,0,3897,4022,3955,3951,3480,0.0,0.0,0.0,30.0,0.01,15.0,TIDAK ADA GARIS
2026-08-25T15:07:28.302,42.625,IDLE,-,-,-,0,0,0,0,0,0,3896,4016,3945,3953,3473,0.0,0.0,0.0,30.0,0.01,15.0,TIDAK ADA GARIS
2026-08-25T15:07:28.336,42.657,IDLE,-,-,-,0,0,0,0,0,0,3895,4025,3956,3956,3482,0.0,0.0,0.0,30.0,0.01,15.0,TIDAK ADA GARIS
2026-08-25T15:07:28.399,42.719,IDLE,-,-,-,0,0,0,0,0,0,3896,4020,3945,3942,3469,0.0,0.0,0.0,30.0,0.01,15.0,TIDAK ADA GARIS
2026-08-25T15:07:28.458,42.782,IDLE,-,-,-,0,0,0,0,0,0,3891,4024,3960,3952,3473,0.0,0.0,0.0,30.0,0.01,15.0,TIDAK ADA GARIS
2026-08-25T15:07:28.515,42.829,IDLE,-,-,-,0,0,0,0,0,0,3891,4012,3948,3945,3472,0.0,0.0,0.0,30.0,0.01,15.0,TIDAK ADA GARIS
2026-08-25T15:07:28.564,42.875,IDLE,-,-,-,0,0,0,0,0,0,3897,4019,3944,3943,3473,0.0,0.0,0.0,30.0,0.01,15.0,TIDAK ADA GARIS
2026-08-25T15:07:28.613,42.938,IDLE,-,-,-,0,0,0,0,0,0,3893,4027,3952,3928,3471,0.0,0.0,0.0,30.0,0.01,15.0,TIDAK ADA GARIS
2026-08-25T15:07:28.661,42.985,IDLE,-,-,-,0,0,0,0,0,0,3893,4027,3956,3946,3477,0.0,0.0,0.0,30.0,0.01,15.0,TIDAK ADA GARIS
2026-08-25T15:07:28.716,43.032,IDLE,-,-,-,0,0,0,0,0,0,3924,4047,3979,3965,3492,0.0,0.0,0.0,30.0,0.01,15.0,TIDAK ADA GARIS
2026-08-25T15:07:28.785,43.11,IDLE,-,-,-,0,0,0,0,0,0,3919,4042,3971,3964,3491,0.0,0.0,0.0,30.0,0.01,15.0,TIDAK ADA GARIS
2026-08-25T15:07:28.822,43.141,IDLE,-,-,-,0,0,0,0,0,0,3924,4044,3980,3975,3501,0.0,0.0,0.0,30.0,0.01,15.0,TIDAK ADA GARIS
2026-08-25T15:07:28.877,43.188,IDLE,-,-,-,0,0,0,0,0,0,3918,4042,3979,3981,3495,0.0,0.0,0.0,30.0,0.01,15.0,TIDAK ADA GARIS
2026-08-25T15:07:28.938,43.25,IDLE,-,-,-,0,0,0,0,0,0,3917,4048,3967,3966,3486,0.0,0.0,0.0,30.0,0.01,15.0,TIDAK ADA GARIS
2026-08-25T15:07:28.993,43.313,IDLE,-,-,-,0,0,0,0,0,0,3918,4044,3977,3964,3493,0.0,0.0,0.0,30.0,0.01,15.0,TIDAK ADA GARIS
2026-08-25T15:07:29.056,43.375,IDLE,-,-,-,0,0,0,0,0,0,3921,4041,3975,3972,3497,0.0,0.0,0.0,30.0,0.01,15.0,TIDAK ADA GARIS
2026-08-25T15:07:29.083,43.407,IDLE,-,-,-,0,0,0,0,0,0,3915,4043,3969,3969,3490,0.0,0.0,0.0,30.0,0.01,15.0,TIDAK ADA GARIS
2026-08-25T15:07:29.160,43.485,IDLE,-,-,-,0,0,0,0,0,0,3916,4043,3969,3964,3490,0.0,0.0,0.0,30.0,0.01,15.0,TIDAK ADA GARIS
2026-08-25T15:07:29.211,43.532,IDLE,-,-,-,0,0,0,0,0,0,3904,4030,3963,3967,3482,0.0,0.0,0.0,30.0,0.01,15.0,TIDAK ADA GARIS
2026-08-25T15:07:29.249,43.563,IDLE,-,-,-,0,0,0,0,0,0,3888,4014,3939,3934,3474,0.0,0.0,0.0,30.0,0.01,15.0,TIDAK ADA GARIS
2026-08-25T15:07:29.312,43.625,IDLE,-,-,-,0,0,0,0,0,0,3895,4024,3952,3950,3476,0.0,0.0,0.0,30.0,0.01,15.0,TIDAK ADA GARIS
2026-08-25T15:07:29.354,43.672,IDLE,-,-,-,0,0,0,0,0,0,3881,4014,3944,3951,3476,0.0,0.0,0.0,30.0,0.01,15.0,TIDAK ADA GARIS
2026-08-25T15:07:29.411,43.735,IDLE,-,-,-,0,0,0,0,0,0,3897,4021,3944,3940,3472,0.0,0.0,0.0,30.0,0.01,15.0,TIDAK ADA GARIS
2026-08-25T15:07:29.468,43.782,IDLE,-,-,-,0,0,0,0,0,0,3885,4017,3940,3933,3471,0.0,0.0,0.0,30.0,0.01,15.0,TIDAK ADA GARIS
2026-08-25T15:07:29.515,43.829,IDLE,-,-,-,0,0,0,0,0,0,3896,4015,3943,3940,3473,0.0,0.0,0.0,30.0,0.01,15.0,TIDAK ADA GARIS
2026-08-25T15:07:29.581,43.907,IDLE,-,-,-,0,0,0,0,0,0,3889,4026,3947,3944,3476,0.0,0.0,0.0,30.0,0.01,15.0,TIDAK ADA GARIS
2026-08-25T15:07:29.619,43.938,IDLE,-,-,-,0,0,0,0,0,0,3891,4022,3947,3941,3481,0.0,0.0,0.0,30.0,0.01,15.0,TIDAK ADA GARIS
2026-08-25T15:07:29.672,43.985,IDLE,-,-,-,0,0,0,0,0,0,3892,4019,3939,3938,3473,0.0,0.0,0.0,30.0,0.01,15.0,TIDAK ADA GARIS
2026-08-25T15:07:29.720,44.032,IDLE,-,-,-,0,0,0,0,0,0,3896,4020,3959,3948,3483,0.0,0.0,0.0,30.0,0.01,15.0,TIDAK ADA GARIS
2026-08-25T15:07:29.783,44.094,IDLE,-,-,-,0,0,0,0,0,0,3891,4022,3944,3958,3477,0.0,0.0,0.0,30.0,0.01,15.0,TIDAK ADA GARIS
2026-08-25T15:07:29.838,44.157,IDLE,-,-,-,0,0,0,0,0,0,3891,4024,3940,3947,3473,0.0,0.0,0.0,30.0,0.01,15.0,TIDAK ADA GARIS
2026-08-25T15:07:29.885,44.204,IDLE,-,-,-,0,0,0,0,0,0,3895,4021,3954,3955,3483,0.0,0.0,0.0,30.0,0.01,15.0,TIDAK ADA GARIS
2026-08-25T15:07:29.944,44.266,IDLE,-,-,-,0,0,0,0,0,0,3883,4021,3947,3943,3471,0.0,0.0,0.0,30.0,0.01,15.0,TIDAK ADA GARIS
2026-08-25T15:07:29.997,44.313,IDLE,-,-,-,0,0,0,0,0,0,3894,4016,3942,3955,3484,0.0,0.0,0.0,30.0,0.01,15.0,TIDAK ADA GARIS
2026-08-25T15:07:30.055,44.375,IDLE,-,-,-,0,0,0,0,0,0,3887,4017,3940,3931,3477,0.0,0.0,0.0,30.0,0.01,15.0,TIDAK ADA GARIS
2026-08-25T15:07:30.101,44.422,IDLE,-,-,-,0,0,0,0,0,0,3892,4017,3939,3942,3475,0.0,0.0,0.0,30.0,0.01,15.0,TIDAK ADA GARIS
2026-08-25T15:07:30.149,44.469,IDLE,-,-,-,0,0,0,0,0,0,3884,4014,3950,3947,3478,0.0,0.0,0.0,30.0,0.01,15.0,TIDAK ADA GARIS
2026-08-25T15:07:30.216,44.532,IDLE,-,-,-,0,0,0,0,0,0,3890,4024,3953,3951,3486,0.0,0.0,0.0,30.0,0.01,15.0,TIDAK ADA GARIS
2026-08-25T15:07:30.269,44.579,IDLE,-,-,-,0,0,0,0,0,0,3884,4019,3947,3940,3473,0.0,0.0,0.0,30.0,0.01,15.0,TIDAK ADA GARIS
2026-08-25T15:07:30.317,44.641,IDLE,-,-,-,0,0,0,0,0,0,3895,4019,3943,3943,3474,0.0,0.0,0.0,30.0,0.01,15.0,TIDAK ADA GARIS
2026-08-25T15:07:30.364,44.688,IDLE,-,-,-,0,0,0,0,0,0,3890,4015,3949,3947,3483,0.0,0.0,0.0,30.0,0.01,15.0,TIDAK ADA GARIS
2026-08-25T15:07:30.429,44.75,IDLE,-,-,-,0,0,0,0,0,0,3896,4023,3955,3958,3480,0.0,0.0,0.0,30.0,0.01,15.0,TIDAK ADA GARIS
2026-08-25T15:07:30.489,44.813,IDLE,-,-,-,0,0,0,0,0,0,3897,4025,3959,3950,3483,0.0,0.0,0.0,30.0,0.01,15.0,TIDAK ADA GARIS
2026-08-25T15:07:30.523,44.844,IDLE,-,-,-,0,0,0,0,0,0,3892,4023,3948,3949,3477,0.0,0.0,0.0,30.0,0.01,15.0,TIDAK ADA GARIS
2026-08-25T15:07:30.593,44.907,IDLE,-,-,-,0,0,0,0,0,0,3895,4023,3958,3950,3484,0.0,0.0,0.0,30.0,0.01,15.0,TIDAK ADA GARIS
2026-08-25T15:07:30.630,44.954,IDLE,-,-,-,0,0,0,0,0,0,3892,4022,3956,3954,3483,0.0,0.0,0.0,30.0,0.01,15.0,TIDAK ADA GARIS
2026-08-25T15:07:30.699,45.016,IDLE,-,-,-,0,0,0,0,0,0,3900,4020,3953,3953,3486,0.0,0.0,0.0,30.0,0.01,15.0,TIDAK ADA GARIS
2026-08-25T15:07:30.747,45.063,IDLE,-,-,-,0,0,0,0,0,0,3886,4014,3949,3944,3480,0.0,0.0,0.0,30.0,0.01,15.0,TIDAK ADA GARIS
2026-08-25T15:07:30.811,45.125,IDLE,-,-,-,0,0,0,0,0,0,3892,4021,3951,3949,3484,0.0,0.0,0.0,30.0,0.01,15.0,TIDAK ADA GARIS
2026-08-25T15:07:30.857,45.172,IDLE,-,-,-,0,0,0,0,0,0,3888,4012,3931,3951,3471,0.0,0.0,0.0,30.0,0.01,15.0,TIDAK ADA GARIS
2026-08-25T15:07:30.909,45.219,IDLE,-,-,-,0,0,0,0,0,0,3895,4020,3944,3946,3475,0.0,0.0,0.0,30.0,0.01,15.0,TIDAK ADA GARIS
2026-08-25T15:07:30.953,45.266,IDLE,-,-,-,0,0,0,0,0,0,3884,4021,3949,3949,3476,0.0,0.0,0.0,30.0,0.01,15.0,TIDAK ADA GARIS
2026-08-25T15:07:31.017,45.329,IDLE,-,-,-,0,0,0,0,0,0,3897,4035,3959,3954,3485,0.0,0.0,0.0,30.0,0.01,15.0,TIDAK ADA GARIS
2026-08-25T15:07:31.060,45.375,IDLE,-,-,-,0,0,0,0,0,0,3891,4024,3953,3946,3471,0.0,0.0,0.0,30.0,0.01,15.0,TIDAK ADA GARIS
2026-08-25T15:07:31.144,45.469,IDLE,-,-,-,0,0,0,0,0,0,3898,4023,3957,3952,3475,0.0,0.0,0.0,30.0,0.01,15.0,TIDAK ADA GARIS
2026-08-25T15:07:31.174,45.485,IDLE,-,-,-,0,0,0,0,0,0,3888,4018,3945,3949,3478,0.0,0.0,0.0,30.0,0.01,15.0,TIDAK ADA GARIS
2026-08-25T15:07:31.223,45.547,IDLE,-,-,-,0,0,0,0,0,0,3896,4024,3957,3953,3488,0.0,0.0,0.0,30.0,0.01,15.0,TIDAK ADA GARIS
2026-08-25T15:07:31.283,45.594,IDLE,-,-,-,0,0,0,0,0,0,3895,4019,3946,3949,3474,0.0,0.0,0.0,30.0,0.01,15.0,TIDAK ADA GARIS
2026-08-25T15:07:31.331,45.641,IDLE,-,-,-,0,0,0,0,0,0,3894,4024,3947,3941,3477,0.0,0.0,0.0,30.0,0.01,15.0,TIDAK ADA GARIS
2026-08-25T15:07:31.383,45.704,IDLE,-,-,-,0,0,0,0,0,0,3896,4020,3947,3943,3481,0.0,0.0,0.0,30.0,0.01,15.0,TIDAK ADA GARIS
2026-08-25T15:07:31.458,45.782,IDLE,-,-,-,0,0,0,0,0,0,3895,4021,3947,3954,3479,0.0,0.0,0.0,30.0,0.01,15.0,TIDAK ADA GARIS
2026-08-25T15:07:31.487,45.797,IDLE,-,-,-,0,0,0,0,0,0,3898,4018,3941,3954,3477,0.0,0.0,0.0,30.0,0.01,15.0,TIDAK ADA GARIS
2026-08-25T15:07:31.539,45.86,IDLE,-,-,-,0,0,0,0,0,0,3890,4018,3944,3934,3472,0.0,0.0,0.0,30.0,0.01,15.0,TIDAK ADA GARIS
2026-08-25T15:07:31.604,45.922,IDLE,-,-,-,0,0,0,0,0,0,3896,4024,3946,3942,3478,0.0,0.0,0.0,30.0,0.01,15.0,TIDAK ADA GARIS
2026-08-25T15:07:31.648,45.969,IDLE,-,-,-,0,0,0,0,0,0,3885,4015,3947,3940,3476,0.0,0.0,0.0,30.0,0.01,15.0,TIDAK ADA GARIS
2026-08-25T15:07:31.704,46.016,IDLE,-,-,-,0,0,0,0,0,0,3894,4022,3952,3945,3478,0.0,0.0,0.0,30.0,0.01,15.0,TIDAK ADA GARIS
2026-08-25T15:07:31.766,46.079,IDLE,-,-,-,0,0,0,0,0,0,3887,4013,3933,3947,3472,0.0,0.0,0.0,30.0,0.01,15.0,TIDAK ADA GARIS
2026-08-25T15:07:31.814,46.125,IDLE,-,-,-,0,0,0,0,0,0,3894,4029,3944,3949,3476,0.0,0.0,0.0,30.0,0.01,15.0,TIDAK ADA GARIS
2026-08-25T15:07:31.868,46.188,IDLE,-,-,-,0,0,0,0,0,0,3894,4025,3948,3941,3479,0.0,0.0,0.0,30.0,0.01,15.0,TIDAK ADA GARIS
2026-08-25T15:07:31.922,46.235,IDLE,-,-,-,0,0,0,0,0,0,3893,4023,3949,3957,3486,0.0,0.0,0.0,30.0,0.01,15.0,TIDAK ADA GARIS
2026-08-25T15:07:31.974,46.297,IDLE,-,-,-,0,0,0,0,0,0,3890,4008,3942,3945,3476,0.0,0.0,0.0,30.0,0.01,15.0,TIDAK ADA GARIS
2026-08-25T15:07:32.034,46.344,IDLE,-,-,-,0,0,0,0,0,0,3893,4024,3945,3949,3473,0.0,0.0,0.0,30.0,0.01,15.0,TIDAK ADA GARIS
2026-08-25T15:07:32.068,46.391,IDLE,-,-,-,0,0,0,0,0,0,3892,4020,3954,3942,3481,0.0,0.0,0.0,30.0,0.01,15.0,TIDAK ADA GARIS
2026-08-25T15:07:32.177,46.5,IDLE,-,-,-,0,0,0,0,0,0,3894,4021,3948,3942,3475,0.0,0.0,0.0,30.0,0.01,15.0,TIDAK ADA GARIS
2026-08-25T15:07:32.186,46.5,IDLE,-,-,-,0,0,0,0,0,0,3890,4020,3946,3952,3483,0.0,0.0,0.0,30.0,0.01,15.0,TIDAK ADA GARIS
2026-08-25T15:07:32.233,46.547,IDLE,-,-,-,0,0,0,0,0,0,3898,4018,3945,3948,3473,0.0,0.0,0.0,30.0,0.01,15.0,TIDAK ADA GARIS
2026-08-25T15:07:32.289,46.61,IDLE,-,-,-,0,0,0,0,0,0,3891,4027,3948,3941,3476,0.0,0.0,0.0,30.0,0.01,15.0,TIDAK ADA GARIS
2026-08-25T15:07:32.337,46.657,IDLE,-,-,-,0,0,0,0,0,0,3890,4022,3950,3946,3478,0.0,0.0,0.0,30.0,0.01,15.0,TIDAK ADA GARIS
2026-08-25T15:07:32.394,46.719,IDLE,-,-,-,0,0,0,0,0,0,3900,4022,3957,3958,3483,0.0,0.0,0.0,30.0,0.01,15.0,TIDAK ADA GARIS
2026-08-25T15:07:32.450,46.766,IDLE,-,-,-,0,0,0,0,0,0,3887,4014,3952,3943,3478,0.0,0.0,0.0,30.0,0.01,15.0,TIDAK ADA GARIS
2026-08-25T15:07:32.498,46.813,IDLE,-,-,-,0,0,0,0,0,0,3893,4024,3954,3954,3484,0.0,0.0,0.0,30.0,0.01,15.0,TIDAK ADA GARIS
2026-08-25T15:07:32.559,46.875,IDLE,-,-,-,0,0,0,0,0,0,3882,4014,3943,3956,3481,0.0,0.0,0.0,30.0,0.01,15.0,TIDAK ADA GARIS
2026-08-25T15:07:32.611,46.922,IDLE,-,-,-,0,0,0,0,0,0,3900,4021,3949,3946,3481,0.0,0.0,0.0,30.0,0.01,15.0,TIDAK ADA GARIS
2026-08-25T15:07:32.668,46.985,IDLE,-,-,-,0,0,0,0,0,0,3887,4018,3941,3934,3470,0.0,0.0,0.0,30.0,0.01,15.0,TIDAK ADA GARIS
2026-08-25T15:07:32.718,47.032,IDLE,-,-,-,0,0,0,0,0,0,3896,4021,3957,3963,3480,0.0,0.0,0.0,30.0,0.01,15.0,TIDAK ADA GARIS
2026-08-25T15:07:32.777,47.094,IDLE,-,-,-,0,0,0,0,0,0,3888,4012,3939,3936,3478,0.0,0.0,0.0,30.0,0.01,15.0,TIDAK ADA GARIS
2026-08-25T15:07:32.822,47.141,IDLE,-,-,-,0,0,0,0,0,0,3900,4022,3945,3958,3487,0.0,0.0,0.0,30.0,0.01,15.0,TIDAK ADA GARIS
2026-08-25T15:07:32.877,47.188,IDLE,-,-,-,0,0,0,0,0,0,3886,4013,3955,3951,3484,0.0,0.0,0.0,30.0,0.01,15.0,TIDAK ADA GARIS
2026-08-25T15:07:32.925,47.25,IDLE,-,-,-,0,0,0,0,0,0,3894,4022,3960,3959,3487,0.0,0.0,0.0,30.0,0.01,15.0,TIDAK ADA GARIS
2026-08-25T15:07:32.995,47.313,IDLE,-,-,-,0,0,0,0,0,0,3895,4024,3945,3947,3475,0.0,0.0,0.0,30.0,0.01,15.0,TIDAK ADA GARIS
2026-08-25T15:07:33.039,47.36,IDLE,-,-,-,0,0,0,0,0,0,3892,4025,3948,3947,3475,0.0,0.0,0.0,30.0,0.01,15.0,TIDAK ADA GARIS
2026-08-25T15:07:33.085,47.407,IDLE,-,-,-,0,0,0,0,0,0,3890,4022,3966,3951,3477,0.0,0.0,0.0,30.0,0.01,15.0,TIDAK ADA GARIS
2026-08-25T15:07:33.143,47.454,IDLE,-,-,-,0,0,0,0,0,0,3895,4023,3941,3941,3470,0.0,0.0,0.0,30.0,0.01,15.0,TIDAK ADA GARIS
2026-08-25T15:07:33.186,47.5,IDLE,-,-,-,0,0,0,0,0,0,3897,4017,3943,3944,3474,0.0,0.0,0.0,30.0,0.01,15.0,TIDAK ADA GARIS
